Plot,Treatment,Site,ID,Species,May_LA,Moisture,Densiometer,Status,Days
1,Drought,SIMGLA,1,GUAGUI,26.87,13.863636,10.66,1,32
1,Drought,SIMGLA,2,SCHMOR,8.73,13.863636,10.66,1,35
1,Drought,SIMGLA,3,CECSCH,3.66,13.863636,10.66,1,122
1,Drought,SIMGLA,4,INGLAU,80.77,13.863636,10.66,0,228
1,Drought,SIMGLA,5,MANBID,18.37,13.863636,10.66,0,228
1,Drought,SIMGLA,6,TETBAL,64.88,13.863636,10.66,1,73
1,Drought,SIMGLA,7,PREMON,5.63,13.863636,10.66,1,32
1,Drought,SIMGLA,8,UREBAC,4.15,13.863636,10.66,1,32
1,Drought,SIMGLA,9,GUAGUI,27.91,13.863636,10.66,1,102
1,Drought,SIMGLA,10,SCHMOR,10.02,13.863636,10.66,1,32
1,Drought,SIMGLA,11,CECSCH,6.05,13.863636,10.66,1,17
1,Drought,SIMGLA,12,INGLAU,81.73,13.863636,10.66,0,228
1,Drought,SIMGLA,13,MANBID,18.78,13.863636,10.66,0,228
1,Drought,SIMGLA,14,TETBAL,62.68,13.863636,10.66,1,46
1,Drought,SIMGLA,15,PREMON,8.81,13.863636,10.66,1,32
1,Drought,SIMGLA,16,UREBAC,1.92,13.863636,10.66,1,17
2,Control,SIMGLA,17,SCHMOR,11.8,22.420455,11.96,0,228
2,Control,SIMGLA,18,CECSCH,5.21,22.420455,11.96,1,8
2,Control,SIMGLA,19,SCHMOR,6.47,22.420455,11.96,1,14
2,Control,SIMGLA,20,TETBAL,92.09,22.420455,11.96,0,228
2,Control,SIMGLA,21,GUAGUI,32.46,22.420455,11.96,0,228
2,Control,SIMGLA,22,MANBID,18.78,22.420455,11.96,0,228
2,Control,SIMGLA,23,UREBAC,6.39,22.420455,11.96,1,228
2,Control,SIMGLA,24,TETBAL,63.5,22.420455,11.96,0,228
2,Control,SIMGLA,25,PREMON,7.54,22.420455,11.96,0,228
2,Control,SIMGLA,26,GUAGUI,21.91,22.420455,11.96,0,228
2,Control,SIMGLA,27,PREMON,10.71,22.420455,11.96,0,228
2,Control,SIMGLA,28,MANBID,17.36,22.420455,11.96,0,228
2,Control,SIMGLA,29,UREBAC,3.67,22.420455,11.96,1,8
2,Control,SIMGLA,30,INGLAU,94.8,22.420455,11.96,0,228
2,Control,SIMGLA,31,CECSCH,4.22,22.420455,11.96,1,83
2,Control,SIMGLA,32,INGLAU,64.61,22.420455,11.96,0,228
3,Control,SIMGLA,33,TETBAL,77.25,17.859091,13.52,0,228
3,Control,SIMGLA,34,TETBAL,49.21,17.859091,13.52,0,228
3,Control,SIMGLA,35,SCHMOR,11.32,17.859091,13.52,1,102
3,Control,SIMGLA,36,GUAGUI,23.77,17.859091,13.52,0,228
3,Control,SIMGLA,37,GUAGUI,41.14,17.859091,13.52,0,228
3,Control,SIMGLA,38,PREMON,11.08,17.859091,13.52,0,228
3,Control,SIMGLA,39,SCHMOR,7.76,17.859091,13.52,0,228
3,Control,SIMGLA,40,MANBID,18.57,17.859091,13.52,0,228
3,Control,SIMGLA,41,CECSCH,1.55,17.859091,13.52,1,53
3,Control,SIMGLA,42,CECSCH,1.55,17.859091,13.52,1,32
3,Control,SIMGLA,43,UREBAC,4.15,17.859091,13.52,1,122
3,Control,SIMGLA,44,INGLAU,90,17.859091,13.52,0,228
3,Control,SIMGLA,45,MANBID,16.96,17.859091,13.52,0,228
3,Control,SIMGLA,46,PREMON,8.99,17.859091,13.52,0,228
3,Control,SIMGLA,47,UREBAC,9.1,17.859091,13.52,1,179
3,Control,SIMGLA,48,INGLAU,76.15,17.859091,13.52,0,228
4,Drought,SIMGLA,49,UREBAC,3.19,9.670455,11.44,1,24
4,Drought,SIMGLA,50,CECSCH,2.25,9.670455,11.44,1,35
4,Drought,SIMGLA,51,CECSCH,2.67,9.670455,11.44,1,35
4,Drought,SIMGLA,52,INGLAU,81.15,9.670455,11.44,0,228
4,Drought,SIMGLA,53,SCHMOR,15.68,9.670455,11.44,1,102
4,Drought,SIMGLA,54,PREMON,10.44,9.670455,11.44,1,53
4,Drought,SIMGLA,55,UREBAC,9.9,9.670455,11.44,1,35
4,Drought,SIMGLA,56,MANBID,14.13,9.670455,11.44,1,115
4,Drought,SIMGLA,57,PREMON,9.44,9.670455,11.44,1,87
4,Drought,SIMGLA,58,GUAGUI,31.01,9.670455,11.44,1,136
4,Drought,SIMGLA,59,MANBID,17.57,9.670455,11.44,0,228
4,Drought,SIMGLA,60,INGLAU,59.61,9.670455,11.44,1,73
4,Drought,SIMGLA,61,SCHMOR,16.01,9.670455,11.44,0,228
4,Drought,SIMGLA,62,GUAGUI,32.66,9.670455,11.44,0,228
4,Drought,SIMGLA,63,TETBAL,64.6,9.670455,11.44,0,228
4,Drought,SIMGLA,64,TETBAL,60.2,9.670455,11.44,1,228
5,Drought,SIMGLA,65,GUAGUI,29.56,8.629545,11.18,1,73
5,Drought,SIMGLA,66,SCHMOR,7.11,8.629545,11.18,1,152
5,Drought,SIMGLA,67,INGLAU,64.04,8.629545,11.18,1,172
5,Drought,SIMGLA,68,GUAGUI,14.47,8.629545,11.18,1,94
5,Drought,SIMGLA,69,TETBAL,117.66,8.629545,11.18,0,228
5,Drought,SIMGLA,70,CECSCH,4.36,8.629545,11.18,1,17
5,Drought,SIMGLA,71,UREBAC,7.98,8.629545,11.18,1,46
5,Drought,SIMGLA,72,PREMON,9.17,8.629545,11.18,1,32
5,Drought,SIMGLA,73,TETBAL,95.94,8.629545,11.18,1,166
5,Drought,SIMGLA,74,MANBID,17.77,8.629545,11.18,0,228
5,Drought,SIMGLA,75,PREMON,7.99,8.629545,11.18,1,46
5,Drought,SIMGLA,76,UREBAC,4.31,8.629545,11.18,1,32
5,Drought,SIMGLA,77,CECSCH,2.39,8.629545,11.18,1,32
5,Drought,SIMGLA,78,MANBID,18.78,8.629545,11.18,1,122
5,Drought,SIMGLA,79,SCHMOR,8.25,8.629545,11.18,1,32
5,Drought,SIMGLA,80,INGLAU,92.88,8.629545,11.18,0,228
6,Drought,SIMGLA,81,TETBAL,48.66,16.022727,9.36,0,228
6,Drought,SIMGLA,82,INGLAU,115,16.022727,9.36,0,228
6,Drought,SIMGLA,83,SCHMOR,10.99,16.022727,9.36,0,228
6,Drought,SIMGLA,84,GUAGUI,23.77,16.022727,9.36,0,228
6,Drought,SIMGLA,85,GUAGUI,29.97,16.022727,9.36,1,228
6,Drought,SIMGLA,86,SCHMOR,8.57,16.022727,9.36,1,73
6,Drought,SIMGLA,87,TETBAL,63.78,16.022727,9.36,0,228
6,Drought,SIMGLA,88,UREBAC,6.86,16.022727,9.36,1,185
6,Drought,SIMGLA,89,UREBAC,7.02,16.022727,9.36,1,35
6,Drought,SIMGLA,90,INGLAU,69.8,16.022727,9.36,0,228
6,Drought,SIMGLA,91,MANBID,15.95,16.022727,9.36,0,228
6,Drought,SIMGLA,92,MANBID,15.34,16.022727,9.36,1,195
6,Drought,SIMGLA,93,CECSCH,3.1,16.022727,9.36,1,32
6,Drought,SIMGLA,94,PREMON,11.71,16.022727,9.36,1,228
6,Drought,SIMGLA,95,CECSCH,3.8,16.022727,9.36,1,17
6,Drought,SIMGLA,96,PREMON,10.44,16.022727,9.36,1,161
7,Control,SIMGLA,97,TETBAL,67.9,33.768182,14.3,0,228
7,Control,SIMGLA,98,INGLAU,83.27,33.768182,14.3,0,228
7,Control,SIMGLA,99,SCHMOR,11.32,33.768182,14.3,1,83
7,Control,SIMGLA,100,GUAGUI,32.46,33.768182,14.3,0,228
7,Control,SIMGLA,101,GUAGUI,28.32,33.768182,14.3,0,228
7,Control,SIMGLA,102,SCHMOR,14.87,33.768182,14.3,0,228
7,Control,SIMGLA,103,TETBAL,43.98,33.768182,14.3,0,228
7,Control,SIMGLA,104,UREBAC,5.11,33.768182,14.3,1,141
7,Control,SIMGLA,105,UREBAC,4.95,33.768182,14.3,1,136
7,Control,SIMGLA,106,INGLAU,101.92,33.768182,14.3,0,228
7,Control,SIMGLA,107,MANBID,16.15,33.768182,14.3,0,228
7,Control,SIMGLA,108,MANBID,11.71,33.768182,14.3,0,228
7,Control,SIMGLA,109,CECSCH,3.1,33.768182,14.3,1,172
7,Control,SIMGLA,110,PREMON,9.53,33.768182,14.3,1,195
7,Control,SIMGLA,111,CECSCH,3.8,33.768182,14.3,1,59
7,Control,SIMGLA,112,PREMON,10.99,33.768182,14.3,1,228
8,Drought,SIMGLA,113,MANBID,14.13,16.365909,2.86,0,228
8,Drought,SIMGLA,114,SCHMOR,9.86,16.365909,2.86,1,8
8,Drought,SIMGLA,115,INGLAU,85.57,16.365909,2.86,0,228
8,Drought,SIMGLA,116,SCHMOR,17.14,16.365909,2.86,0,228
8,Drought,SIMGLA,117,GUAGUI,20.67,16.365909,2.86,0,228
8,Drought,SIMGLA,118,PREMON,5.63,16.365909,2.86,1,228
8,Drought,SIMGLA,119,CECSCH,4.36,16.365909,2.86,1,35
8,Drought,SIMGLA,120,CECSCH,3.52,16.365909,2.86,1,32
8,Drought,SIMGLA,121,TETBAL,70.37,16.365909,2.86,1,94
8,Drought,SIMGLA,122,GUAGUI,22.95,16.365909,2.86,1,228
8,Drought,SIMGLA,123,PREMON,8.63,16.365909,2.86,0,228
8,Drought,SIMGLA,124,UREBAC,3.03,16.365909,2.86,0,228
8,Drought,SIMGLA,125,UREBAC,5.75,16.365909,2.86,1,32
8,Drought,SIMGLA,126,MANBID,14.74,16.365909,2.86,0,228
8,Drought,SIMGLA,127,TETBAL,72.85,16.365909,2.86,0,228
8,Drought,SIMGLA,128,INGLAU,65,16.365909,2.86,0,228
9,Control,SIMGLA,129,TETBAL,67.08,43.534091,8.06,1,83
9,Control,SIMGLA,130,MANBID,17.57,43.534091,8.06,0,228
9,Control,SIMGLA,131,TETBAL,57.45,43.534091,8.06,0,228
9,Control,SIMGLA,132,GUAGUI,26.05,43.534091,8.06,0,228
9,Control,SIMGLA,133,CECSCH,6.9,43.534091,8.06,1,24
9,Control,SIMGLA,134,SCHMOR,15.36,43.534091,8.06,1,46
9,Control,SIMGLA,135,MANBID,18.17,43.534091,8.06,0,228
9,Control,SIMGLA,136,UREBAC,4.15,43.534091,8.06,1,172
9,Control,SIMGLA,137,PREMON,6.36,43.534091,8.06,0,228
9,Control,SIMGLA,138,CECSCH,7.88,43.534091,8.06,1,8
9,Control,SIMGLA,139,PREMON,9.26,43.534091,8.06,0,228
9,Control,SIMGLA,140,INGLAU,103.46,43.534091,8.06,0,228
9,Control,SIMGLA,141,INGLAU,82.3,43.534091,8.06,0,228
9,Control,SIMGLA,142,GUAGUI,24.6,43.534091,8.06,0,228
9,Control,SIMGLA,143,UREBAC,3.19,43.534091,8.06,1,32
9,Control,SIMGLA,144,SCHMOR,13.58,43.534091,8.06,1,8
10,Drought,SIMGLA,145,MANBID,17.16,14.488636,8.32,0,228
10,Drought,SIMGLA,146,TETBAL,64.05,14.488636,8.32,0,228
10,Drought,SIMGLA,147,UREBAC,2.39,14.488636,8.32,1,109
10,Drought,SIMGLA,148,UREBAC,2.55,14.488636,8.32,1,195
10,Drought,SIMGLA,149,CECSCH,2.25,14.488636,8.32,1,53
10,Drought,SIMGLA,150,TETBAL,82.74,14.488636,8.32,1,17
10,Drought,SIMGLA,151,CECSCH,2.67,14.488636,8.32,1,59
10,Drought,SIMGLA,152,INGLAU,80,14.488636,8.32,0,228
10,Drought,SIMGLA,153,INGLAU,122.5,14.488636,8.32,0,228
10,Drought,SIMGLA,154,PREMON,8.26,14.488636,8.32,1,179
10,Drought,SIMGLA,155,GUAGUI,31.21,14.488636,8.32,0,228
10,Drought,SIMGLA,156,MANBID,16.15,14.488636,8.32,0,228
10,Drought,SIMGLA,157,SCHMOR,11.8,14.488636,8.32,0,228
10,Drought,SIMGLA,158,PREMON,17.98,14.488636,8.32,1,136
10,Drought,SIMGLA,159,GUAGUI,36.38,14.488636,8.32,0,228
10,Drought,SIMGLA,160,SCHMOR,7.11,14.488636,8.32,0,228
11,Drought,SIMGLA,161,CECSCH,12.67,27.552273,10.14,1,53
11,Drought,SIMGLA,162,PREMON,7.99,27.552273,10.14,0,228
11,Drought,SIMGLA,163,CECSCH,3.8,27.552273,10.14,1,8
11,Drought,SIMGLA,164,INGLAU,56.92,27.552273,10.14,0,228
11,Drought,SIMGLA,165,PREMON,16.43,27.552273,10.14,1,195
11,Drought,SIMGLA,166,UREBAC,3.19,27.552273,10.14,1,53
11,Drought,SIMGLA,167,INGLAU,112.5,27.552273,10.14,0,228
11,Drought,SIMGLA,168,SCHMOR,13.42,27.552273,10.14,0,228
11,Drought,SIMGLA,169,UREBAC,3.19,27.552273,10.14,1,87
11,Drought,SIMGLA,170,TETBAL,51.96,27.552273,10.14,0,228
11,Drought,SIMGLA,171,MANBID,15.55,27.552273,10.14,0,228
11,Drought,SIMGLA,172,GUAGUI,31.21,27.552273,10.14,0,228
11,Drought,SIMGLA,173,MANBID,18.78,27.552273,10.14,0,228
11,Drought,SIMGLA,174,GUAGUI,34.52,27.552273,10.14,0,228
11,Drought,SIMGLA,175,SCHMOR,10.99,27.552273,10.14,0,228
11,Drought,SIMGLA,176,TETBAL,56.9,27.552273,10.14,1,8
12,Control,SIMGLA,177,GUAGUI,28.32,36.618182,5.72,0,228
12,Control,SIMGLA,178,GUAGUI,25.84,36.618182,5.72,0,228
12,Control,SIMGLA,179,MANBID,17.16,36.618182,5.72,0,228
12,Control,SIMGLA,180,SCHMOR,14.71,36.618182,5.72,0,228
12,Control,SIMGLA,181,UREBAC,3.35,36.618182,5.72,0,228
12,Control,SIMGLA,182,SCHMOR,10.51,36.618182,5.72,0,228
12,Control,SIMGLA,183,CECSCH,1.69,36.618182,5.72,1,8
12,Control,SIMGLA,184,TETBAL,92.92,36.618182,5.72,0,228
12,Control,SIMGLA,185,PREMON,1.91,36.618182,5.72,1,202
12,Control,SIMGLA,186,CECSCH,3.24,36.618182,5.72,1,228
12,Control,SIMGLA,187,UREBAC,3.51,36.618182,5.72,0,228
12,Control,SIMGLA,188,INGLAU,89.8,36.618182,5.72,0,228
12,Control,SIMGLA,189,TETBAL,66.8,36.618182,5.72,0,228
12,Control,SIMGLA,190,MANBID,15.75,36.618182,5.72,0,228
12,Control,SIMGLA,191,PREMON,4.81,36.618182,5.72,0,228
12,Control,SIMGLA,192,INGLAU,77.3,36.618182,5.72,0,228
13,Drought,SIMGLA,193,GUAGUI,36.59,16.781818,9.62,0,228
13,Drought,SIMGLA,194,TETBAL,72.57,16.781818,9.62,0,228
13,Drought,SIMGLA,195,MANBID,14.13,16.781818,9.62,0,228
13,Drought,SIMGLA,196,SCHMOR,13.58,16.781818,9.62,1,136
13,Drought,SIMGLA,197,PREMON,10.17,16.781818,9.62,1,46
13,Drought,SIMGLA,198,INGLAU,72.88,16.781818,9.62,0,228
13,Drought,SIMGLA,199,GUAGUI,42.79,16.781818,9.62,0,228
13,Drought,SIMGLA,200,SCHMOR,12.77,16.781818,9.62,1,136
13,Drought,SIMGLA,201,CECSCH,9.85,16.781818,9.62,1,46
13,Drought,SIMGLA,202,PREMON,7.08,16.781818,9.62,0,228
13,Drought,SIMGLA,203,CECSCH,3.52,16.781818,9.62,1,24
13,Drought,SIMGLA,204,MANBID,15.14,16.781818,9.62,0,228
13,Drought,SIMGLA,205,UREBAC,3.83,16.781818,9.62,1,35
13,Drought,SIMGLA,206,TETBAL,77.52,16.781818,9.62,1,17
13,Drought,SIMGLA,207,UREBAC,,16.781818,9.62,1,46
13,Drought,SIMGLA,208,INGLAU,85.38,16.781818,9.62,0,228
14,Control,SIMGLA,209,MANBID,17.57,36.997727,15.6,0,228
14,Control,SIMGLA,210,UREBAC,0.8,36.997727,15.6,1,14
14,Control,SIMGLA,211,TETBAL,78.9,36.997727,15.6,0,228
14,Control,SIMGLA,212,PREMON,9.26,36.997727,15.6,0,228
14,Control,SIMGLA,213,GUAGUI,23.98,36.997727,15.6,0,228
14,Control,SIMGLA,214,INGLAU,92.69,36.997727,15.6,0,228
14,Control,SIMGLA,215,SCHMOR,6.31,36.997727,15.6,0,228
14,Control,SIMGLA,216,INGLAU,77.88,36.997727,15.6,0,228
14,Control,SIMGLA,217,CECSCH,3.66,36.997727,15.6,1,24
14,Control,SIMGLA,218,PREMON,10.35,36.997727,15.6,0,228
14,Control,SIMGLA,219,MANBID,21,36.997727,15.6,0,228
14,Control,SIMGLA,220,TETBAL,69.55,36.997727,15.6,0,228
14,Control,SIMGLA,221,UREBAC,3.51,36.997727,15.6,1,8
14,Control,SIMGLA,222,CECSCH,3.66,36.997727,15.6,0,228
14,Control,SIMGLA,223,GUAGUI,29.56,36.997727,15.6,0,228
14,Control,SIMGLA,224,SCHMOR,11.8,36.997727,15.6,0,228
15,Control,SIMGLA,225,UREBAC,4.15,30.784091,5.98,1,136
15,Control,SIMGLA,226,INGLAU,82.69,30.784091,5.98,0,228
15,Control,SIMGLA,227,MANBID,15.75,30.784091,5.98,0,228
15,Control,SIMGLA,228,CECSCH,5.63,30.784091,5.98,1,8
15,Control,SIMGLA,229,PREMON,7.72,30.784091,5.98,0,228
15,Control,SIMGLA,230,SCHMOR,13.26,30.784091,5.98,0,228
15,Control,SIMGLA,231,INGLAU,82.69,30.784091,5.98,0,228
15,Control,SIMGLA,232,TETBAL,72.3,30.784091,5.98,0,228
15,Control,SIMGLA,233,TETBAL,73.95,30.784091,5.98,0,228
15,Control,SIMGLA,234,SCHMOR,3.23,30.784091,5.98,1,14
15,Control,SIMGLA,235,GUAGUI,36.59,30.784091,5.98,0,228
15,Control,SIMGLA,236,GUAGUI,25.84,30.784091,5.98,0,228
15,Control,SIMGLA,237,UREBAC,5.91,30.784091,5.98,1,46
15,Control,SIMGLA,238,CECSCH,5.49,30.784091,5.98,1,24
15,Control,SIMGLA,239,PREMON,6.45,30.784091,5.98,0,228
15,Control,SIMGLA,240,MANBID,15.14,30.784091,5.98,0,228
16,Drought,SIMGLA,241,TETBAL,81.92,23.454545,8.84,0,228
16,Drought,SIMGLA,242,UREBAC,3.19,23.454545,8.84,0,228
16,Drought,SIMGLA,243,CECSCH,4.93,23.454545,8.84,1,8
16,Drought,SIMGLA,244,INGLAU,86.92,23.454545,8.84,0,228
16,Drought,SIMGLA,245,MANBID,16.35,23.454545,8.84,0,228
16,Drought,SIMGLA,246,GUAGUI,45.89,23.454545,8.84,0,228
16,Drought,SIMGLA,247,UREBAC,3.35,23.454545,8.84,1,94
16,Drought,SIMGLA,248,PREMON,7.99,23.454545,8.84,0,228
16,Drought,SIMGLA,249,SCHMOR,7.6,23.454545,8.84,0,228
16,Drought,SIMGLA,250,INGLAU,71.92,23.454545,8.84,0,228
16,Drought,SIMGLA,251,CECSCH,2.67,23.454545,8.84,1,24
16,Drought,SIMGLA,252,PREMON,9.17,23.454545,8.84,0,228
16,Drought,SIMGLA,253,SCHMOR,11.64,23.454545,8.84,1,8
16,Drought,SIMGLA,254,GUAGUI,28.11,23.454545,8.84,1,136
16,Drought,SIMGLA,255,TETBAL,77.8,23.454545,8.84,1,94
16,Drought,SIMGLA,256,MANBID,14.94,23.454545,8.84,0,228
17,Drought,SIMGLA,257,SCHMOR,25.38,30.361364,14.04,1,228
17,Drought,SIMGLA,258,PREMON,8.63,30.361364,14.04,0,228
17,Drought,SIMGLA,259,SCHMOR,14.55,30.361364,14.04,1,17
17,Drought,SIMGLA,260,MANBID,14.33,30.361364,14.04,0,228
17,Drought,SIMGLA,261,INGLAU,122.5,30.361364,14.04,0,228
17,Drought,SIMGLA,262,GUAGUI,25.01,30.361364,14.04,0,228
17,Drought,SIMGLA,263,TETBAL,84.67,30.361364,14.04,1,32
17,Drought,SIMGLA,264,CECSCH,3.52,30.361364,14.04,1,53
17,Drought,SIMGLA,265,UREBAC,7.82,30.361364,14.04,1,87
17,Drought,SIMGLA,266,GUAGUI,23.98,30.361364,14.04,0,228
17,Drought,SIMGLA,267,UREBAC,5.75,30.361364,14.04,1,185
17,Drought,SIMGLA,268,MANBID,16.96,30.361364,14.04,0,228
17,Drought,SIMGLA,269,CECSCH,4.22,30.361364,14.04,1,35
17,Drought,SIMGLA,270,PREMON,5.72,30.361364,14.04,0,228
17,Drought,SIMGLA,271,INGLAU,114.03,30.361364,14.04,0,228
17,Drought,SIMGLA,272,TETBAL,61.58,30.361364,14.04,1,109
18,Drought,SIMGLA,273,MANBID,17.36,15.165909,19.24,0,228
18,Drought,SIMGLA,274,UREBAC,2.71,15.165909,19.24,1,17
18,Drought,SIMGLA,275,PREMON,10.17,15.165909,19.24,1,228
18,Drought,SIMGLA,276,CECSCH,2.67,15.165909,19.24,1,32
18,Drought,SIMGLA,277,CECSCH,2.96,15.165909,19.24,1,136
18,Drought,SIMGLA,278,TETBAL,49.48,15.165909,19.24,1,24
18,Drought,SIMGLA,279,MANBID,20.39,15.165909,19.24,0,228
18,Drought,SIMGLA,280,SCHMOR,18.92,15.165909,19.24,0,228
18,Drought,SIMGLA,281,INGLAU,75.96,15.165909,19.24,1,122
18,Drought,SIMGLA,282,GUAGUI,28.53,15.165909,19.24,1,46
18,Drought,SIMGLA,283,INGLAU,100.19,15.165909,19.24,0,228
18,Drought,SIMGLA,284,UREBAC,3.35,15.165909,19.24,1,35
18,Drought,SIMGLA,285,SCHMOR,9.86,15.165909,19.24,1,32
18,Drought,SIMGLA,286,GUAGUI,27.91,15.165909,19.24,1,46
18,Drought,SIMGLA,287,TETBAL,73.12,15.165909,19.24,1,8
18,Drought,SIMGLA,288,PREMON,10.17,15.165909,19.24,1,46
19,Control,SIMGLA,289,PREMON,7.54,40.947727,7.28,0,228
19,Control,SIMGLA,290,UREBAC,3.99,40.947727,7.28,1,32
19,Control,SIMGLA,291,INGLAU,95.38,40.947727,7.28,0,228
19,Control,SIMGLA,292,CECSCH,3.52,40.947727,7.28,1,32
19,Control,SIMGLA,293,GUAGUI,22.74,40.947727,7.28,0,228
19,Control,SIMGLA,294,INGLAU,80.77,40.947727,7.28,0,228
19,Control,SIMGLA,295,SCHMOR,3.56,40.947727,7.28,1,161
19,Control,SIMGLA,296,TETBAL,74.22,40.947727,7.28,0,228
19,Control,SIMGLA,297,GUAGUI,16.33,40.947727,7.28,0,228
19,Control,SIMGLA,298,UREBAC,3.03,40.947727,7.28,1,83
19,Control,SIMGLA,299,CECSCH,1.83,40.947727,7.28,1,8
19,Control,SIMGLA,300,PREMON,10.08,40.947727,7.28,0,228
19,Control,SIMGLA,301,SCHMOR,6.31,40.947727,7.28,1,185
19,Control,SIMGLA,302,MANBID,14.33,40.947727,7.28,0,228
19,Control,SIMGLA,303,TETBAL,117.93,40.947727,7.28,0,228
19,Control,SIMGLA,304,MANBID,14.74,40.947727,7.28,0,228
20,Control,SIMGLA,305,SCHMOR,9.05,35.336364,6.24,0,228
20,Control,SIMGLA,306,MANBID,16.96,35.336364,6.24,0,228
20,Control,SIMGLA,307,UREBAC,2.23,35.336364,6.24,1,228
20,Control,SIMGLA,308,INGLAU,80,35.336364,6.24,0,228
20,Control,SIMGLA,309,PREMON,8.44,35.336364,6.24,0,228
20,Control,SIMGLA,310,UREBAC,7.34,35.336364,6.24,1,152
20,Control,SIMGLA,311,TETBAL,60.75,35.336364,6.24,0,228
20,Control,SIMGLA,312,SCHMOR,15.36,35.336364,6.24,0,228
20,Control,SIMGLA,313,PREMON,10.44,35.336364,6.24,0,228
20,Control,SIMGLA,314,INGLAU,95.77,35.336364,6.24,0,228
20,Control,SIMGLA,315,GUAGUI,24.39,35.336364,6.24,0,228
20,Control,SIMGLA,316,CECSCH,2.25,35.336364,6.24,1,17
20,Control,SIMGLA,317,MANBID,16.76,35.336364,6.24,0,228
20,Control,SIMGLA,318,GUAGUI,28.32,35.336364,6.24,0,228
20,Control,SIMGLA,319,TETBAL,136.63,35.336364,6.24,0,228
20,Control,SIMGLA,320,CECSCH,1.69,35.336364,6.24,1,17
21,Control,SIMGLA,321,INGLAU,154.03,30.252273,7.54,0,228
21,Control,SIMGLA,322,INGLAU,84.23,30.252273,7.54,0,228
21,Control,SIMGLA,323,GUAGUI,37.83,30.252273,7.54,0,228
21,Control,SIMGLA,324,CECSCH,5.49,30.252273,7.54,1,83
21,Control,SIMGLA,325,SCHMOR,8.57,30.252273,7.54,1,207
21,Control,SIMGLA,326,PREMON,5.63,30.252273,7.54,1,228
21,Control,SIMGLA,327,CECSCH,2.67,30.252273,7.54,1,8
21,Control,SIMGLA,328,UREBAC,3.99,30.252273,7.54,1,228
21,Control,SIMGLA,329,GUAGUI,29.56,30.252273,7.54,0,228
21,Control,SIMGLA,330,UREBAC,1.76,30.252273,7.54,1,46
21,Control,SIMGLA,331,MANBID,17.97,30.252273,7.54,0,228
21,Control,SIMGLA,332,MANBID,16.15,30.252273,7.54,0,228
21,Control,SIMGLA,333,SCHMOR,12.93,30.252273,7.54,1,73
21,Control,SIMGLA,334,TETBAL,47.56,30.252273,7.54,0,228
21,Control,SIMGLA,335,PREMON,7.99,30.252273,7.54,0,228
21,Control,SIMGLA,336,TETBAL,60.2,30.252273,7.54,0,228
22,Drought,SIMGLA,337,SCHMOR,11.16,28.093182,5.2,0,228
22,Drought,SIMGLA,338,UREBAC,2.55,28.093182,5.2,0,228
22,Drought,SIMGLA,339,GUAGUI,39.48,28.093182,5.2,0,228
22,Drought,SIMGLA,340,CECSCH,2.96,28.093182,5.2,1,228
22,Drought,SIMGLA,341,UREBAC,4.79,28.093182,5.2,1,94
22,Drought,SIMGLA,342,PREMON,6.81,28.093182,5.2,0,228
22,Drought,SIMGLA,343,INGLAU,84.04,28.093182,5.2,0,228
22,Drought,SIMGLA,344,MANBID,19.58,28.093182,5.2,0,228
22,Drought,SIMGLA,345,CECSCH,4.65,28.093182,5.2,1,161
22,Drought,SIMGLA,346,MANBID,18.57,28.093182,5.2,0,228
22,Drought,SIMGLA,347,GUAGUI,32.46,28.093182,5.2,0,228
22,Drought,SIMGLA,348,TETBAL,90.72,28.093182,5.2,0,228
22,Drought,SIMGLA,349,PREMON,11.08,28.093182,5.2,0,228
22,Drought,SIMGLA,350,TETBAL,81.65,28.093182,5.2,0,228
22,Drought,SIMGLA,351,INGLAU,118.84,28.093182,5.2,0,228
22,Drought,SIMGLA,352,SCHMOR,10.02,28.093182,5.2,0,228
23,Drought,SIMGLA,353,UREBAC,5.59,13.906818,9.36,1,32
23,Drought,SIMGLA,354,MANBID,17.77,13.906818,9.36,1,102
23,Drought,SIMGLA,355,INGLAU,76.34,13.906818,9.36,0,228
23,Drought,SIMGLA,356,CECSCH,3.24,13.906818,9.36,1,17
23,Drought,SIMGLA,357,PREMON,6.81,13.906818,9.36,1,32
23,Drought,SIMGLA,358,CECSCH,4.22,13.906818,9.36,1,32
23,Drought,SIMGLA,359,TETBAL,66.8,13.906818,9.36,1,32
23,Drought,SIMGLA,360,SCHMOR,16.65,13.906818,9.36,1,17
23,Drought,SIMGLA,361,INGLAU,44.23,13.906818,9.36,0,228
23,Drought,SIMGLA,362,GUAGUI,29.15,13.906818,9.36,1,24
23,Drought,SIMGLA,363,TETBAL,58.55,13.906818,9.36,0,228
23,Drought,SIMGLA,364,UREBAC,2.08,13.906818,9.36,1,17
23,Drought,SIMGLA,365,PREMON,5.63,13.906818,9.36,1,24
23,Drought,SIMGLA,366,GUAGUI,30.39,13.906818,9.36,1,53
23,Drought,SIMGLA,367,SCHMOR,7.11,13.906818,9.36,1,32
23,Drought,SIMGLA,368,MANBID,13.53,13.906818,9.36,1,24
24,Drought,SIMGLA,369,SCHMOR,7.44,13.093182,12.22,0,228
24,Drought,SIMGLA,370,CECSCH,2.96,13.093182,12.22,1,32
24,Drought,SIMGLA,371,CECSCH,2.25,13.093182,12.22,1,24
24,Drought,SIMGLA,372,TETBAL,61.58,13.093182,12.22,0,228
24,Drought,SIMGLA,373,MANBID,16.76,13.093182,12.22,0,228
24,Drought,SIMGLA,374,GUAGUI,21.29,13.093182,12.22,0,228
24,Drought,SIMGLA,375,MANBID,21,13.093182,12.22,0,228
24,Drought,SIMGLA,376,PREMON,6.27,13.093182,12.22,0,228
24,Drought,SIMGLA,377,UREBAC,3.03,13.093182,12.22,1,14
24,Drought,SIMGLA,378,PREMON,12.53,13.093182,12.22,1,87
24,Drought,SIMGLA,379,INGLAU,70.38,13.093182,12.22,0,228
24,Drought,SIMGLA,380,INGLAU,73.65,13.093182,12.22,0,228
24,Drought,SIMGLA,381,TETBAL,101.44,13.093182,12.22,0,228
24,Drought,SIMGLA,382,GUAGUI,23.36,13.093182,12.22,1,35
24,Drought,SIMGLA,383,UREBAC,5.43,13.093182,12.22,1,32
24,Drought,SIMGLA,384,SCHMOR,3.72,13.093182,12.22,1,152
25,Control,SIMGLA,385,PREMON,14.53,39.209091,6.76,0,228
25,Control,SIMGLA,386,INGLAU,81.15,39.209091,6.76,0,228
25,Control,SIMGLA,387,UREBAC,5.27,39.209091,6.76,0,228
25,Control,SIMGLA,388,CECSCH,3.66,39.209091,6.76,1,136
25,Control,SIMGLA,389,GUAGUI,38.66,39.209091,6.76,0,228
25,Control,SIMGLA,390,SCHMOR,8.73,39.209091,6.76,0,228
25,Control,SIMGLA,391,INGLAU,69.8,39.209091,6.76,0,228
25,Control,SIMGLA,392,PREMON,8.63,39.209091,6.76,0,228
25,Control,SIMGLA,393,CECSCH,7.46,39.209091,6.76,1,115
25,Control,SIMGLA,394,MANBID,16.96,39.209091,6.76,0,228
25,Control,SIMGLA,395,SCHMOR,8.41,39.209091,6.76,0,228
25,Control,SIMGLA,396,GUAGUI,23.98,39.209091,6.76,0,228
25,Control,SIMGLA,397,TETBAL,80.27,39.209091,6.76,0,228
25,Control,SIMGLA,398,UREBAC,3.83,39.209091,6.76,1,185
25,Control,SIMGLA,399,MANBID,17.36,39.209091,6.76,0,228
25,Control,SIMGLA,400,TETBAL,75.32,39.209091,6.76,1,14
26,Drought,SIMGLA,401,INGLAU,106.92,14.061364,8.32,0,228
26,Drought,SIMGLA,402,PREMON,8.63,14.061364,8.32,1,59
26,Drought,SIMGLA,403,SCHMOR,15.68,14.061364,8.32,1,136
26,Drought,SIMGLA,404,TETBAL,74.5,14.061364,8.32,1,53
26,Drought,SIMGLA,405,MANBID,17.57,14.061364,8.32,0,228
26,Drought,SIMGLA,406,TETBAL,69,14.061364,8.32,0,228
26,Drought,SIMGLA,407,MANBID,16.56,14.061364,8.32,0,228
26,Drought,SIMGLA,408,GUAGUI,32.66,14.061364,8.32,1,102
26,Drought,SIMGLA,409,UREBAC,5.43,14.061364,8.32,1,8
26,Drought,SIMGLA,410,SCHMOR,12.29,14.061364,8.32,1,87
26,Drought,SIMGLA,411,GUAGUI,25.63,14.061364,8.32,1,185
26,Drought,SIMGLA,412,INGLAU,86.34,14.061364,8.32,0,228
26,Drought,SIMGLA,413,PREMON,12.44,14.061364,8.32,1,46
26,Drought,SIMGLA,414,UREBAC,8.78,14.061364,8.32,1,35
26,Drought,SIMGLA,415,CECSCH,4.08,14.061364,8.32,1,24
26,Drought,SIMGLA,416,CECSCH,4.93,14.061364,8.32,1,32
27,Control,SIMGLA,417,INGLAU,72.3,39.009091,7.28,0,228
27,Control,SIMGLA,418,MANBID,18.57,39.009091,7.28,0,228
27,Control,SIMGLA,419,MANBID,16.15,39.009091,7.28,0,228
27,Control,SIMGLA,420,TETBAL,62.4,39.009091,7.28,0,228
27,Control,SIMGLA,421,CECSCH,3.8,39.009091,7.28,1,102
27,Control,SIMGLA,422,PREMON,9.35,39.009091,7.28,0,228
27,Control,SIMGLA,423,CECSCH,2.96,39.009091,7.28,1,53
27,Control,SIMGLA,424,GUAGUI,26.67,39.009091,7.28,0,228
27,Control,SIMGLA,425,PREMON,7.99,39.009091,7.28,0,228
27,Control,SIMGLA,426,UREBAC,1.12,39.009091,7.28,1,87
27,Control,SIMGLA,427,SCHMOR,11.48,39.009091,7.28,0,228
27,Control,SIMGLA,428,GUAGUI,22.74,39.009091,7.28,0,228
27,Control,SIMGLA,429,UREBAC,0.64,39.009091,7.28,1,136
27,Control,SIMGLA,430,INGLAU,117.3,39.009091,7.28,0,228
27,Control,SIMGLA,431,TETBAL,68.73,39.009091,7.28,0,228
27,Control,SIMGLA,432,SCHMOR,8.25,39.009091,7.28,0,228
28,Control,SIMGLA,433,MANBID,16.35,35.552727,9.1,0,228
28,Control,SIMGLA,434,SCHMOR,9.7,35.552727,9.1,1,161
28,Control,SIMGLA,435,GUAGUI,21.91,35.552727,9.1,0,228
28,Control,SIMGLA,436,PREMON,6.54,35.552727,9.1,0,228
28,Control,SIMGLA,437,CECSCH,8.17,35.552727,9.1,1,32
28,Control,SIMGLA,438,INGLAU,135.96,35.552727,9.1,0,228
28,Control,SIMGLA,439,MANBID,13.93,35.552727,9.1,0,228
28,Control,SIMGLA,440,PREMON,10.26,35.552727,9.1,0,228
28,Control,SIMGLA,441,TETBAL,78.62,35.552727,9.1,1,59
28,Control,SIMGLA,442,UREBAC,2.87,35.552727,9.1,1,136
28,Control,SIMGLA,443,GUAGUI,27.91,35.552727,9.1,0,228
28,Control,SIMGLA,444,INGLAU,71.92,35.552727,9.1,0,228
28,Control,SIMGLA,445,SCHMOR,7.6,35.552727,9.1,0,228
28,Control,SIMGLA,446,TETBAL,64.88,35.552727,9.1,0,228
28,Control,SIMGLA,447,CECSCH,1.83,35.552727,9.1,1,46
28,Control,SIMGLA,448,UREBAC,5.11,35.552727,9.1,1,46
29,Control,SIMGLA,449,CECSCH,3.24,29.386364,9.88,1,83
29,Control,SIMGLA,450,TETBAL,83.84,29.386364,9.88,0,228
29,Control,SIMGLA,451,MANBID,16.96,29.386364,9.88,0,228
29,Control,SIMGLA,452,SCHMOR,7.92,29.386364,9.88,1,102
29,Control,SIMGLA,453,TETBAL,54.98,29.386364,9.88,1,14
29,Control,SIMGLA,454,CECSCH,4.65,29.386364,9.88,1,183
29,Control,SIMGLA,455,SCHMOR,8.08,29.386364,9.88,1,122
29,Control,SIMGLA,456,GUAGUI,31.01,29.386364,9.88,0,228
29,Control,SIMGLA,457,UREBAC,4.95,29.386364,9.88,1,179
29,Control,SIMGLA,458,INGLAU,96.73,29.386364,9.88,0,228
29,Control,SIMGLA,459,PREMON,7.08,29.386364,9.88,0,228
29,Control,SIMGLA,460,INGLAU,83.46,29.386364,9.88,0,228
29,Control,SIMGLA,461,MANBID,18.37,29.386364,9.88,0,228
29,Control,SIMGLA,462,PREMON,6.36,29.386364,9.88,0,228
29,Control,SIMGLA,463,UREBAC,10.85,29.386364,9.88,1,17
29,Control,SIMGLA,464,GUAGUI,24.39,29.386364,9.88,0,228
30,Control,SIMGLA,465,GUAGUI,25.63,30.161364,7.54,0,228
30,Control,SIMGLA,466,PREMON,10.26,30.161364,7.54,0,228
30,Control,SIMGLA,467,TETBAL,61.3,30.161364,7.54,0,228
30,Control,SIMGLA,468,PREMON,9.99,30.161364,7.54,0,228
30,Control,SIMGLA,469,CECSCH,2.67,30.161364,7.54,1,83
30,Control,SIMGLA,470,SCHMOR,12.93,30.161364,7.54,1,228
30,Control,SIMGLA,471,CECSCH,7.04,30.161364,7.54,1,172
30,Control,SIMGLA,472,SCHMOR,8.73,30.161364,7.54,1,32
30,Control,SIMGLA,473,INGLAU,103.46,30.161364,7.54,0,228
30,Control,SIMGLA,474,INGLAU,90.19,30.161364,7.54,0,228
30,Control,SIMGLA,475,MANBID,17.36,30.161364,7.54,0,228
30,Control,SIMGLA,476,GUAGUI,26.05,30.161364,7.54,0,228
30,Control,SIMGLA,477,UREBAC,4.79,30.161364,7.54,0,228
30,Control,SIMGLA,478,TETBAL,57.45,30.161364,7.54,0,228
30,Control,SIMGLA,479,UREBAC,8.46,30.161364,7.54,1,185
30,Control,SIMGLA,480,MANBID,20.8,30.161364,7.54,0,228
31,Control,Shed,481,TETBAL,69,30.863636,13,0,228
31,Control,Shed,482,GUAGUI,19.64,30.863636,13,0,228
31,Control,Shed,483,GUAGUI,35.76,30.863636,13,0,228
31,Control,Shed,484,INGLAU,47.69,30.863636,13,0,228
31,Control,Shed,485,CECSCH,2.82,30.863636,13,1,17
31,Control,Shed,486,MANBID,19.18,30.863636,13,0,228
31,Control,Shed,487,SCHMOR,9.7,30.863636,13,0,228
31,Control,Shed,488,MANBID,19.18,30.863636,13,0,228
31,Control,Shed,489,SCHMOR,7.44,30.863636,13,0,228
31,Control,Shed,490,CECSCH,2.82,30.863636,13,1,109
31,Control,Shed,491,UREBAC,1.76,30.863636,13,1,32
31,Control,Shed,492,PREMON,6.54,30.863636,13,1,66
31,Control,Shed,493,UREBAC,2.55,30.863636,13,1,115
31,Control,Shed,494,INGLAU,60.57,30.863636,13,0,228
31,Control,Shed,495,PREMON,5.27,30.863636,13,1,17
31,Control,Shed,496,TETBAL,76.15,30.863636,13,0,228
32,Control,Shed,497,GUAGUI,25.84,37.102273,6.76,0,228
32,Control,Shed,498,GUAGUI,23.15,37.102273,6.76,0,228
32,Control,Shed,499,TETBAL,73.95,37.102273,6.76,0,228
32,Control,Shed,500,TETBAL,63.23,37.102273,6.76,0,228
32,Control,Shed,501,CECSCH,4.79,37.102273,6.76,1,46
32,Control,Shed,502,MANBID,17.16,37.102273,6.76,0,228
32,Control,Shed,503,SCHMOR,8.89,37.102273,6.76,1,24
32,Control,Shed,504,MANBID,19.99,37.102273,6.76,0,228
32,Control,Shed,505,SCHMOR,12.61,37.102273,6.76,1,122
32,Control,Shed,506,CECSCH,2.53,37.102273,6.76,1,17
32,Control,Shed,507,UREBAC,2.23,37.102273,6.76,1,136
32,Control,Shed,508,PREMON,8.44,37.102273,6.76,0,228
32,Control,Shed,509,UREBAC,5.11,37.102273,6.76,1,152
32,Control,Shed,510,INGLAU,91.73,37.102273,6.76,0,228
32,Control,Shed,511,PREMON,5.63,37.102273,6.76,1,46
32,Control,Shed,512,INGLAU,64.04,37.102273,6.76,0,228
33,Control,Shed,513,UREBAC,3.99,33.111364,9.88,1,66
33,Control,Shed,514,MANBID,14.33,33.111364,9.88,0,228
33,Control,Shed,515,PREMON,9.62,33.111364,9.88,0,228
33,Control,Shed,516,INGLAU,105.19,33.111364,9.88,0,228
33,Control,Shed,517,SCHMOR,12.45,33.111364,9.88,1,183
33,Control,Shed,518,GUAGUI,44.65,33.111364,9.88,1,207
33,Control,Shed,519,TETBAL,,33.111364,9.88,0,228
33,Control,Shed,520,INGLAU,98.65,33.111364,9.88,0,228
33,Control,Shed,521,MANBID,14.74,33.111364,9.88,0,228
33,Control,Shed,522,UREBAC,3.03,33.111364,9.88,1,14
33,Control,Shed,523,CECSCH,2.82,33.111364,9.88,1,46
33,Control,Shed,524,CECSCH,4.22,33.111364,9.88,1,24
33,Control,Shed,525,PREMON,6.27,33.111364,9.88,0,228
33,Control,Shed,526,GUAGUI,38.86,33.111364,9.88,0,228
33,Control,Shed,527,SCHMOR,10.35,33.111364,9.88,0,228
33,Control,Shed,528,TETBAL,71.47,33.111364,9.88,1,32
34,Drought,Shed,529,GUAGUI,26.67,25.727273,8.32,0,228
34,Drought,Shed,530,PREMON,,25.727273,8.32,1,35
34,Drought,Shed,531,CECSCH,4.79,25.727273,8.32,1,46
34,Drought,Shed,532,GUAGUI,30.18,25.727273,8.32,1,195
34,Drought,Shed,533,SCHMOR,8.73,25.727273,8.32,0,228
34,Drought,Shed,534,TETBAL,119.58,25.727273,8.32,0,228
34,Drought,Shed,535,UREBAC,2.39,25.727273,8.32,1,17
34,Drought,Shed,536,MANBID,19.18,25.727273,8.32,0,228
34,Drought,Shed,537,SCHMOR,8.73,25.727273,8.32,0,228
34,Drought,Shed,538,INGLAU,90.96,25.727273,8.32,0,228
34,Drought,Shed,539,INGLAU,101.92,25.727273,8.32,0,228
34,Drought,Shed,540,UREBAC,2.08,25.727273,8.32,1,185
34,Drought,Shed,541,CECSCH,4.93,25.727273,8.32,1,73
34,Drought,Shed,542,PREMON,6.08,25.727273,8.32,0,228
34,Drought,Shed,543,TETBAL,83.02,25.727273,8.32,0,228
34,Drought,Shed,544,MANBID,18.37,25.727273,8.32,0,228
35,Control,Shed,545,MANBID,17.57,32.143182,13.78,0,228
35,Control,Shed,546,TETBAL,105.01,32.143182,13.78,0,228
35,Control,Shed,547,CECSCH,1.97,32.143182,13.78,1,35
35,Control,Shed,548,MANBID,16.15,32.143182,13.78,0,228
35,Control,Shed,549,UREBAC,3.99,32.143182,13.78,1,66
35,Control,Shed,550,TETBAL,67.35,32.143182,13.78,1,8
35,Control,Shed,551,INGLAU,77.11,32.143182,13.78,0,228
35,Control,Shed,552,GUAGUI,23.98,32.143182,13.78,0,228
35,Control,Shed,553,PREMON,4.54,32.143182,13.78,0,228
35,Control,Shed,554,SCHMOR,7.92,32.143182,13.78,1,24
35,Control,Shed,555,UREBAC,2.39,32.143182,13.78,1,24
35,Control,Shed,556,INGLAU,65.57,32.143182,13.78,0,228
35,Control,Shed,557,SCHMOR,6.95,32.143182,13.78,0,228
35,Control,Shed,558,CECSCH,2.82,32.143182,13.78,1,14
35,Control,Shed,559,PREMON,6.54,32.143182,13.78,0,228
35,Control,Shed,560,GUAGUI,25.84,32.143182,13.78,0,228
36,Control,Shed,561,UREBAC,3.99,35.25,12.22,1,32
36,Control,Shed,562,SCHMOR,11.48,35.25,12.22,0,228
36,Control,Shed,563,GUAGUI,20.67,35.25,12.22,1,228
36,Control,Shed,564,GUAGUI,26.25,35.25,12.22,1,136
36,Control,Shed,565,SCHMOR,5.66,35.25,12.22,0,228
36,Control,Shed,566,CECSCH,2.53,35.25,12.22,1,14
36,Control,Shed,567,MANBID,18.98,35.25,12.22,0,228
36,Control,Shed,568,MANBID,14.13,35.25,12.22,0,228
36,Control,Shed,569,INGLAU,77.5,35.25,12.22,0,228
36,Control,Shed,570,TETBAL,53.06,35.25,12.22,0,228
36,Control,Shed,571,CECSCH,1.55,35.25,12.22,1,14
36,Control,Shed,572,PREMON,1.91,35.25,12.22,0,228
36,Control,Shed,573,TETBAL,70.1,35.25,12.22,0,228
36,Control,Shed,574,PREMON,3.36,35.25,12.22,0,228
36,Control,Shed,575,UREBAC,2.55,35.25,12.22,1,8
36,Control,Shed,576,INGLAU,64.04,35.25,12.22,0,228
37,Drought,Shed,577,MANBID,16.15,24.529545,18.72,0,228
37,Drought,Shed,578,TETBAL,50.86,24.529545,18.72,0,228
37,Drought,Shed,579,GUAGUI,29.35,24.529545,18.72,0,228
37,Drought,Shed,580,TETBAL,62.95,24.529545,18.72,0,228
37,Drought,Shed,581,PREMON,5.27,24.529545,18.72,0,228
37,Drought,Shed,582,CECSCH,3.38,24.529545,18.72,1,32
37,Drought,Shed,583,CECSCH,3.66,24.529545,18.72,1,14
37,Drought,Shed,584,UREBAC,2.55,24.529545,18.72,1,24
37,Drought,Shed,585,UREBAC,6.7,24.529545,18.72,0,228
37,Drought,Shed,586,SCHMOR,8.73,24.529545,18.72,1,14
37,Drought,Shed,587,INGLAU,76.34,24.529545,18.72,0,228
37,Drought,Shed,588,GUAGUI,26.87,24.529545,18.72,0,228
37,Drought,Shed,589,SCHMOR,12.29,24.529545,18.72,0,228
37,Drought,Shed,590,INGLAU,66.92,24.529545,18.72,0,228
37,Drought,Shed,591,PREMON,9.81,24.529545,18.72,0,228
37,Drought,Shed,592,MANBID,16.96,24.529545,18.72,0,228
38,Drought,Shed,593,TETBAL,131.4,28.527273,5.46,0,228
38,Drought,Shed,594,PREMON,7.08,28.527273,5.46,0,228
38,Drought,Shed,595,UREBAC,7.66,28.527273,5.46,0,228
38,Drought,Shed,596,UREBAC,6.86,28.527273,5.46,1,228
38,Drought,Shed,597,CECSCH,3.94,28.527273,5.46,1,24
38,Drought,Shed,598,INGLAU,87.3,28.527273,5.46,0,228
38,Drought,Shed,599,GUAGUI,25.01,28.527273,5.46,0,228
38,Drought,Shed,600,MANBID,19.99,28.527273,5.46,0,228
38,Drought,Shed,601,CECSCH,2.67,28.527273,5.46,1,46
38,Drought,Shed,602,SCHMOR,6.79,28.527273,5.46,0,228
38,Drought,Shed,603,INGLAU,101.92,28.527273,5.46,0,228
38,Drought,Shed,604,TETBAL,136.35,28.527273,5.46,0,228
38,Drought,Shed,605,PREMON,9.35,28.527273,5.46,1,195
38,Drought,Shed,606,GUAGUI,42.17,28.527273,5.46,0,228
38,Drought,Shed,607,SCHMOR,12.13,28.527273,5.46,1,202
38,Drought,Shed,608,MANBID,17.57,28.527273,5.46,0,228
39,Control,Shed,609,MANBID,14.74,38.670455,7.8,0,228
39,Control,Shed,610,UREBAC,4.31,38.670455,7.8,1,14
39,Control,Shed,611,TETBAL,101.44,38.670455,7.8,0,228
39,Control,Shed,612,INGLAU,99.61,38.670455,7.8,0,228
39,Control,Shed,613,PREMON,5.45,38.670455,7.8,0,228
39,Control,Shed,614,SCHMOR,6.47,38.670455,7.8,1,207
39,Control,Shed,615,CECSCH,9.01,38.670455,7.8,1,8
39,Control,Shed,616,CECSCH,2.67,38.670455,7.8,1,14
39,Control,Shed,617,GUAGUI,24.39,38.670455,7.8,0,228
39,Control,Shed,618,MANBID,17.77,38.670455,7.8,0,228
39,Control,Shed,619,GUAGUI,24.19,38.670455,7.8,0,228
39,Control,Shed,620,UREBAC,2.23,38.670455,7.8,1,32
39,Control,Shed,621,PREMON,7.17,38.670455,7.8,0,228
39,Control,Shed,622,SCHMOR,7.92,38.670455,7.8,1,161
39,Control,Shed,623,INGLAU,78.07,38.670455,7.8,0,228
39,Control,Shed,624,TETBAL,139.1,38.670455,7.8,0,228
40,Drought,Shed,625,SCHMOR,9.22,29.231818,12.22,1,185
40,Drought,Shed,626,SCHMOR,7.92,29.231818,12.22,0,228
40,Drought,Shed,627,MANBID,14.13,29.231818,12.22,0,228
40,Drought,Shed,628,MANBID,13.53,29.231818,12.22,0,228
40,Drought,Shed,629,INGLAU,95,29.231818,12.22,0,228
40,Drought,Shed,630,UREBAC,2.55,29.231818,12.22,1,46
40,Drought,Shed,631,TETBAL,109.14,29.231818,12.22,0,228
40,Drought,Shed,632,GUAGUI,31.01,29.231818,12.22,0,228
40,Drought,Shed,633,PREMON,7.54,29.231818,12.22,0,228
40,Drought,Shed,634,UREBAC,1.28,29.231818,12.22,1,8
40,Drought,Shed,635,INGLAU,85.57,29.231818,12.22,0,228
40,Drought,Shed,636,TETBAL,66.25,29.231818,12.22,0,228
40,Drought,Shed,637,CECSCH,1.55,29.231818,12.22,1,8
40,Drought,Shed,638,CECSCH,1.97,29.231818,12.22,1,8
40,Drought,Shed,639,PREMON,6.08,29.231818,12.22,0,228
40,Drought,Shed,640,GUAGUI,26.87,29.231818,12.22,0,228
41,Control,Shed,641,GUAGUI,31.42,37.561364,11.18,0,228
41,Control,Shed,642,INGLAU,118.65,37.561364,11.18,0,228
41,Control,Shed,643,UREBAC,2.55,37.561364,11.18,1,53
41,Control,Shed,644,CECSCH,2.53,37.561364,11.18,1,14
41,Control,Shed,645,MANBID,16.96,37.561364,11.18,0,228
41,Control,Shed,646,INGLAU,88.84,37.561364,11.18,0,228
41,Control,Shed,647,SCHMOR,7.92,37.561364,11.18,1,228
41,Control,Shed,648,PREMON,5.9,37.561364,11.18,0,228
41,Control,Shed,649,SCHMOR,12.61,37.561364,11.18,0,228
41,Control,Shed,650,UREBAC,1.76,37.561364,11.18,1,32
41,Control,Shed,651,MANBID,12.32,37.561364,11.18,0,228
41,Control,Shed,652,PREMON,4.99,37.561364,11.18,1,136
41,Control,Shed,653,TETBAL,72.57,37.561364,11.18,0,228
41,Control,Shed,654,CECSCH,7.18,37.561364,11.18,1,8
41,Control,Shed,655,GUAGUI,22.95,37.561364,11.18,0,228
41,Control,Shed,656,TETBAL,82.2,37.561364,11.18,0,228
42,Drought,Shed,657,GUAGUI,23.98,18.306818,11.44,1,228
42,Drought,Shed,658,PREMON,3.27,18.306818,11.44,1,35
42,Drought,Shed,659,TETBAL,99.79,18.306818,11.44,0,228
42,Drought,Shed,660,INGLAU,59.61,18.306818,11.44,0,228
42,Drought,Shed,661,GUAGUI,25.22,18.306818,11.44,0,228
42,Drought,Shed,662,TETBAL,101.16,18.306818,11.44,0,228
42,Drought,Shed,663,SCHMOR,9.05,18.306818,11.44,0,228
42,Drought,Shed,664,UREBAC,2.39,18.306818,11.44,1,73
42,Drought,Shed,665,UREBAC,4.15,18.306818,11.44,1,53
42,Drought,Shed,666,INGLAU,68.65,18.306818,11.44,0,228
42,Drought,Shed,667,SCHMOR,8.41,18.306818,11.44,0,228
42,Drought,Shed,668,MANBID,12.32,18.306818,11.44,0,228
42,Drought,Shed,669,MANBID,14.74,18.306818,11.44,0,228
42,Drought,Shed,670,CECSCH,5.91,18.306818,11.44,1,35
42,Drought,Shed,671,CECSCH,2.11,18.306818,11.44,1,83
42,Drought,Shed,672,PREMON,4.36,18.306818,11.44,1,172
43,Drought,Shed,673,INGLAU,103.07,23.627273,14.82,0,228
43,Drought,Shed,674,UREBAC,3.19,23.627273,14.82,1,32
43,Drought,Shed,675,GUAGUI,46.93,23.627273,14.82,0,228
43,Drought,Shed,676,TETBAL,99.24,23.627273,14.82,0,228
43,Drought,Shed,677,GUAGUI,42.79,23.627273,14.82,0,228
43,Drought,Shed,678,PREMON,9.26,23.627273,14.82,0,228
43,Drought,Shed,679,SCHMOR,12.13,23.627273,14.82,0,228
43,Drought,Shed,680,INGLAU,114.42,23.627273,14.82,0,228
43,Drought,Shed,681,MANBID,18.78,23.627273,14.82,0,228
43,Drought,Shed,682,CECSCH,3.24,23.627273,14.82,1,46
43,Drought,Shed,683,UREBAC,5.11,23.627273,14.82,1,228
43,Drought,Shed,684,PREMON,10.08,23.627273,14.82,0,228
43,Drought,Shed,685,MANBID,17.77,23.627273,14.82,1,185
43,Drought,Shed,686,UREBAC,2.08,23.627273,14.82,1,8
43,Drought,Shed,687,CECSCH,8.87,23.627273,14.82,1,17
43,Drought,Shed,688,TETBAL,131.4,23.627273,14.82,0,228
44,Drought,Shed,689,INGLAU,93.07,28.615909,13.78,0,228
44,Drought,Shed,690,CECSCH,1.27,28.615909,13.78,1,32
44,Drought,Shed,691,GUAGUI,41.55,28.615909,13.78,1,207
44,Drought,Shed,692,TETBAL,79.72,28.615909,13.78,0,228
44,Drought,Shed,693,GUAGUI,30.18,28.615909,13.78,0,228
44,Drought,Shed,694,PREMON,6.54,28.615909,13.78,0,228
44,Drought,Shed,695,SCHMOR,9.86,28.615909,13.78,1,102
44,Drought,Shed,696,INGLAU,87.5,28.615909,13.78,0,228
44,Drought,Shed,697,MANBID,21.2,28.615909,13.78,0,228
44,Drought,Shed,698,CECSCH,5.07,28.615909,13.78,1,166
44,Drought,Shed,699,UREBAC,4.47,28.615909,13.78,1,202
44,Drought,Shed,700,PREMON,5.27,28.615909,13.78,0,228
44,Drought,Shed,701,MANBID,17.36,28.615909,13.78,0,228
44,Drought,Shed,702,UREBAC,5.43,28.615909,13.78,1,83
44,Drought,Shed,703,SCHMOR,11.64,28.615909,13.78,1,195
44,Drought,Shed,704,TETBAL,85.49,28.615909,13.78,0,228
45,Drought,Shed,705,CECSCH,2.67,25.85,8.58,1,87
45,Drought,Shed,706,TETBAL,103.91,25.85,8.58,0,228
45,Drought,Shed,707,MANBID,14.74,25.85,8.58,0,228
45,Drought,Shed,708,INGLAU,58.65,25.85,8.58,0,228
45,Drought,Shed,709,UREBAC,2.71,25.85,8.58,1,46
45,Drought,Shed,710,CECSCH,3.1,25.85,8.58,1,46
45,Drought,Shed,711,SCHMOR,15.52,25.85,8.58,0,228
45,Drought,Shed,712,MANBID,18.78,25.85,8.58,0,228
45,Drought,Shed,713,PREMON,12.26,25.85,8.58,0,228
45,Drought,Shed,714,GUAGUI,29.77,25.85,8.58,0,228
45,Drought,Shed,715,SCHMOR,7.6,25.85,8.58,0,228
45,Drought,Shed,716,GUAGUI,41.34,25.85,8.58,0,228
45,Drought,Shed,717,TETBAL,76.97,25.85,8.58,0,228
45,Drought,Shed,718,INGLAU,118.84,25.85,8.58,0,228
45,Drought,Shed,719,UREBAC,3.03,25.85,8.58,1,46
45,Drought,Shed,720,PREMON,6.08,25.85,8.58,0,228
46,Drought,Shed,721,INGLAU,129.8,20.384091,6.24,0,228
46,Drought,Shed,722,TETBAL,70.92,20.384091,6.24,0,228
46,Drought,Shed,723,PREMON,6.81,20.384091,6.24,0,228
46,Drought,Shed,724,TETBAL,75.05,20.384091,6.24,0,228
46,Drought,Shed,725,UREBAC,3.19,20.384091,6.24,1,8
46,Drought,Shed,726,CECSCH,7.04,20.384091,6.24,1,83
46,Drought,Shed,727,PREMON,4.81,20.384091,6.24,0,228
46,Drought,Shed,728,GUAGUI,21.5,20.384091,6.24,1,228
46,Drought,Shed,729,UREBAC,3.51,20.384091,6.24,1,8
46,Drought,Shed,730,SCHMOR,6.95,20.384091,6.24,0,228
46,Drought,Shed,731,CECSCH,1.55,20.384091,6.24,1,24
46,Drought,Shed,732,MANBID,13.73,20.384091,6.24,0,228
46,Drought,Shed,733,MANBID,11.1,20.384091,6.24,0,228
46,Drought,Shed,734,GUAGUI,31.21,20.384091,6.24,0,228
46,Drought,Shed,735,SCHMOR,6.63,20.384091,6.24,1,8
46,Drought,Shed,736,INGLAU,92.69,20.384091,6.24,0,228
47,Control,Shed,737,UREBAC,2.87,27.084091,17.42,1,179
47,Control,Shed,738,CECSCH,2.82,27.084091,17.42,1,166
47,Control,Shed,739,SCHMOR,6.79,27.084091,17.42,0,228
47,Control,Shed,740,MANBID,16.96,27.084091,17.42,0,228
47,Control,Shed,741,MANBID,17.77,27.084091,17.42,0,228
47,Control,Shed,742,PREMON,1.63,27.084091,17.42,0,228
47,Control,Shed,743,CECSCH,9.43,27.084091,17.42,1,161
47,Control,Shed,744,TETBAL,66.8,27.084091,17.42,0,228
47,Control,Shed,745,SCHMOR,8.08,27.084091,17.42,1,24
47,Control,Shed,746,PREMON,4.99,27.084091,17.42,0,228
47,Control,Shed,747,UREBAC,0.8,27.084091,17.42,1,8
47,Control,Shed,748,INGLAU,91.53,27.084091,17.42,0,228
47,Control,Shed,749,INGLAU,87.88,27.084091,17.42,0,228
47,Control,Shed,750,GUAGUI,33.49,27.084091,17.42,0,228
47,Control,Shed,751,GUAGUI,19.43,27.084091,17.42,0,228
47,Control,Shed,752,TETBAL,51.41,27.084091,17.42,0,228
48,Drought,Shed,753,PREMON,6.54,26.493182,5.72,0,228
48,Drought,Shed,754,MANBID,14.13,26.493182,5.72,0,228
48,Drought,Shed,755,CECSCH,4.36,26.493182,5.72,1,46
48,Drought,Shed,756,CECSCH,3.66,26.493182,5.72,1,46
48,Drought,Shed,757,SCHMOR,8.25,26.493182,5.72,0,228
48,Drought,Shed,758,TETBAL,66.25,26.493182,5.72,0,228
48,Drought,Shed,759,UREBAC,5.59,26.493182,5.72,0,228
48,Drought,Shed,760,UREBAC,4.95,26.493182,5.72,0,228
48,Drought,Shed,761,INGLAU,86.15,26.493182,5.72,0,228
48,Drought,Shed,762,GUAGUI,23.77,26.493182,5.72,0,228
48,Drought,Shed,763,PREMON,2.81,26.493182,5.72,1,59
48,Drought,Shed,764,GUAGUI,29.35,26.493182,5.72,1,195
48,Drought,Shed,765,TETBAL,72.3,26.493182,5.72,1,136
48,Drought,Shed,766,SCHMOR,8.25,26.493182,5.72,0,228
48,Drought,Shed,767,MANBID,20.8,26.493182,5.72,0,228
48,Drought,Shed,768,INGLAU,62.11,26.493182,5.72,0,228
49,Control,Shed,769,SCHMOR,6.47,25.515,6.76,0,228
49,Control,Shed,770,TETBAL,96.22,25.515,6.76,1,87
49,Control,Shed,771,TETBAL,81.92,25.515,6.76,1,83
49,Control,Shed,772,UREBAC,1.28,25.515,6.76,1,172
49,Control,Shed,773,GUAGUI,26.87,25.515,6.76,0,228
49,Control,Shed,774,UREBAC,1.92,25.515,6.76,1,202
49,Control,Shed,775,PREMON,5.27,25.515,6.76,0,228
49,Control,Shed,776,INGLAU,117.88,25.515,6.76,0,228
49,Control,Shed,777,INGLAU,73.84,25.515,6.76,0,228
49,Control,Shed,778,MANBID,17.57,25.515,6.76,1,46
49,Control,Shed,779,PREMON,7.45,25.515,6.76,0,228
49,Control,Shed,780,CECSCH,2.39,25.515,6.76,1,46
49,Control,Shed,781,SCHMOR,5.82,25.515,6.76,0,228
49,Control,Shed,782,MANBID,16.76,25.515,6.76,0,228
49,Control,Shed,783,CECSCH,4.65,25.515,6.76,1,14
49,Control,Shed,784,GUAGUI,30.18,25.515,6.76,0,228
50,Drought,Shed,785,INGLAU,95.57,20.85,8.58,0,228
50,Drought,Shed,786,UREBAC,3.35,20.85,8.58,1,53
50,Drought,Shed,787,GUAGUI,37.21,20.85,8.58,1,161
50,Drought,Shed,788,UREBAC,2.71,20.85,8.58,1,46
50,Drought,Shed,789,CECSCH,3.1,20.85,8.58,1,8
50,Drought,Shed,790,TETBAL,47.83,20.85,8.58,0,228
50,Drought,Shed,791,TETBAL,72.3,20.85,8.58,0,228
50,Drought,Shed,792,PREMON,,20.85,8.58,1,46
50,Drought,Shed,793,MANBID,12.52,20.85,8.58,0,228
50,Drought,Shed,794,CECSCH,2.25,20.85,8.58,1,14
50,Drought,Shed,795,SCHMOR,4.2,20.85,8.58,1,46
50,Drought,Shed,796,INGLAU,80.77,20.85,8.58,0,228
50,Drought,Shed,797,SCHMOR,10.83,20.85,8.58,1,14
50,Drought,Shed,798,GUAGUI,28.32,20.85,8.58,1,228
50,Drought,Shed,799,PREMON,,20.85,8.58,1,46
50,Drought,Shed,800,MANBID,5.05,20.85,8.58,1,161
51,Control,Shed,801,TETBAL,63.78,21.622727,9.1,0,228
51,Control,Shed,802,UREBAC,4.47,21.622727,9.1,1,35
51,Control,Shed,803,INGLAU,62.88,21.622727,9.1,0,228
51,Control,Shed,804,INGLAU,57.88,21.622727,9.1,0,228
51,Control,Shed,805,MANBID,10.9,21.622727,9.1,0,228
51,Control,Shed,806,PREMON,,21.622727,9.1,1,8
51,Control,Shed,807,GUAGUI,33.28,21.622727,9.1,0,228
51,Control,Shed,808,TETBAL,84.94,21.622727,9.1,0,228
51,Control,Shed,809,CECSCH,2.25,21.622727,9.1,1,24
51,Control,Shed,810,PREMON,,21.622727,9.1,1,109
51,Control,Shed,811,SCHMOR,3.88,21.622727,9.1,0,228
51,Control,Shed,812,UREBAC,2.23,21.622727,9.1,1,35
51,Control,Shed,813,MANBID,14.54,21.622727,9.1,0,228
51,Control,Shed,814,SCHMOR,5.82,21.622727,9.1,1,17
51,Control,Shed,815,CECSCH,2.67,21.622727,9.1,1,8
51,Control,Shed,816,GUAGUI,32.87,21.622727,9.1,0,228
52,Drought,Shed,817,CECSCH,3.94,22.018182,7.02,1,35
52,Drought,Shed,818,TETBAL,86.59,22.018182,7.02,0,228
52,Drought,Shed,819,GUAGUI,18.19,22.018182,7.02,0,228
52,Drought,Shed,820,MANBID,16.15,22.018182,7.02,0,228
52,Drought,Shed,821,UREBAC,2.39,22.018182,7.02,1,83
52,Drought,Shed,822,PREMON,3,22.018182,7.02,0,228
52,Drought,Shed,823,MANBID,19.58,22.018182,7.02,0,228
52,Drought,Shed,824,INGLAU,77.69,22.018182,7.02,0,228
52,Drought,Shed,825,GUAGUI,26.46,22.018182,7.02,0,228
52,Drought,Shed,826,SCHMOR,7.6,22.018182,7.02,0,228
52,Drought,Shed,827,INGLAU,50.96,22.018182,7.02,0,228
52,Drought,Shed,828,SCHMOR,10.19,22.018182,7.02,1,185
52,Drought,Shed,829,UREBAC,3.03,22.018182,7.02,1,46
52,Drought,Shed,830,TETBAL,35.46,22.018182,7.02,0,228
52,Drought,Shed,831,PREMON,2.81,22.018182,7.02,1,109
52,Drought,Shed,832,CECSCH,1.83,22.018182,7.02,1,59
53,Drought,Shed,833,SCHMOR,14.23,24.086364,6.24,1,136
53,Drought,Shed,834,PREMON,4.36,24.086364,6.24,0,228
53,Drought,Shed,835,MANBID,16.35,24.086364,6.24,0,228
53,Drought,Shed,836,TETBAL,54.71,24.086364,6.24,0,228
53,Drought,Shed,837,INGLAU,53.84,24.086364,6.24,0,228
53,Drought,Shed,838,TETBAL,72.57,24.086364,6.24,0,228
53,Drought,Shed,839,GUAGUI,13.02,24.086364,6.24,0,228
53,Drought,Shed,840,UREBAC,4.15,24.086364,6.24,1,136
53,Drought,Shed,841,CECSCH,3.52,24.086364,6.24,1,32
53,Drought,Shed,842,CECSCH,2.39,24.086364,6.24,1,53
53,Drought,Shed,843,SCHMOR,8.89,24.086364,6.24,0,228
53,Drought,Shed,844,PREMON,3.9,24.086364,6.24,1,53
53,Drought,Shed,845,UREBAC,2.39,24.086364,6.24,1,32
53,Drought,Shed,846,GUAGUI,21.29,24.086364,6.24,0,228
53,Drought,Shed,847,INGLAU,82.11,24.086364,6.24,0,228
53,Drought,Shed,848,MANBID,13.12,24.086364,6.24,0,228
54,Drought,Shed,849,PREMON,3.9,18.65,11.96,0,228
54,Drought,Shed,850,TETBAL,57.45,18.65,11.96,0,228
54,Drought,Shed,851,CECSCH,5.35,18.65,11.96,1,122
54,Drought,Shed,852,PREMON,4.09,18.65,11.96,1,109
54,Drought,Shed,853,GUAGUI,32.25,18.65,11.96,0,228
54,Drought,Shed,854,CECSCH,2.82,18.65,11.96,1,122
54,Drought,Shed,855,SCHMOR,6.31,18.65,11.96,0,228
54,Drought,Shed,856,INGLAU,96.73,18.65,11.96,1,202
54,Drought,Shed,857,SCHMOR,10.19,18.65,11.96,1,73
54,Drought,Shed,858,TETBAL,122.06,18.65,11.96,0,228
54,Drought,Shed,859,INGLAU,84.61,18.65,11.96,0,228
54,Drought,Shed,860,UREBAC,1.28,18.65,11.96,1,152
54,Drought,Shed,861,UREBAC,2.55,18.65,11.96,1,83
54,Drought,Shed,862,MANBID,15.34,18.65,11.96,0,228
54,Drought,Shed,863,MANBID,18.78,18.65,11.96,0,228
54,Drought,Shed,864,GUAGUI,18.6,18.65,11.96,0,228
55,Control,Shed,865,SCHMOR,6.47,28.165909,6.5,0,228
55,Control,Shed,866,MANBID,14.13,28.165909,6.5,0,228
55,Control,Shed,867,CECSCH,5.63,28.165909,6.5,1,66
55,Control,Shed,868,INGLAU,70.96,28.165909,6.5,0,228
55,Control,Shed,869,TETBAL,48.93,28.165909,6.5,1,228
55,Control,Shed,870,MANBID,16.15,28.165909,6.5,0,228
55,Control,Shed,871,UREBAC,0.8,28.165909,6.5,1,66
55,Control,Shed,872,TETBAL,55.53,28.165909,6.5,0,228
55,Control,Shed,873,PREMON,4.27,28.165909,6.5,0,228
55,Control,Shed,874,SCHMOR,8.25,28.165909,6.5,1,73
55,Control,Shed,875,UREBAC,4.79,28.165909,6.5,1,161
55,Control,Shed,876,PREMON,4.36,28.165909,6.5,0,228
55,Control,Shed,877,CECSCH,5.77,28.165909,6.5,1,46
55,Control,Shed,878,GUAGUI,38.24,28.165909,6.5,0,228
55,Control,Shed,879,INGLAU,42.88,28.165909,6.5,0,228
55,Control,Shed,880,GUAGUI,31.01,28.165909,6.5,0,228
56,Control,Shed,881,SCHMOR,8.89,31.018182,5.46,1,179
56,Control,Shed,882,MANBID,13.73,31.018182,5.46,0,228
56,Control,Shed,883,MANBID,,31.018182,5.46,0,228
56,Control,Shed,884,INGLAU,71.15,31.018182,5.46,0,228
56,Control,Shed,885,UREBAC,2.39,31.018182,5.46,1,66
56,Control,Shed,886,SCHMOR,8.57,31.018182,5.46,1,14
56,Control,Shed,887,TETBAL,63.23,31.018182,5.46,0,228
56,Control,Shed,888,GUAGUI,36.38,31.018182,5.46,0,228
56,Control,Shed,889,UREBAC,3.67,31.018182,5.46,1,17
56,Control,Shed,890,TETBAL,50.31,31.018182,5.46,0,228
56,Control,Shed,891,CECSCH,2.25,31.018182,5.46,1,83
56,Control,Shed,892,PREMON,2.54,31.018182,5.46,0,228
56,Control,Shed,893,GUAGUI,34.94,31.018182,5.46,0,228
56,Control,Shed,894,CECSCH,2.82,31.018182,5.46,1,14
56,Control,Shed,895,INGLAU,66.15,31.018182,5.46,0,228
56,Control,Shed,896,PREMON,3.81,31.018182,5.46,0,228
57,Control,Shed,897,PREMON,4.72,31.895455,5.2,0,228
57,Control,Shed,898,SCHMOR,19.56,31.895455,5.2,0,228
57,Control,Shed,899,SCHMOR,11.64,31.895455,5.2,0,228
57,Control,Shed,900,UREBAC,4.63,31.895455,5.2,1,179
57,Control,Shed,901,TETBAL,117.11,31.895455,5.2,0,228
57,Control,Shed,902,UREBAC,3.35,31.895455,5.2,0,228
57,Control,Shed,903,INGLAU,21.54,31.895455,5.2,0,228
57,Control,Shed,904,MANBID,8.48,31.895455,5.2,0,228
57,Control,Shed,905,PREMON,3.81,31.895455,5.2,0,228
57,Control,Shed,906,CECSCH,3.1,31.895455,5.2,1,161
57,Control,Shed,907,MANBID,16.35,31.895455,5.2,0,228
57,Control,Shed,908,GUAGUI,25.01,31.895455,5.2,1,207
57,Control,Shed,909,INGLAU,46.54,31.895455,5.2,0,228
57,Control,Shed,910,CECSCH,3.24,31.895455,5.2,1,152
57,Control,Shed,911,GUAGUI,21.29,31.895455,5.2,0,228
57,Control,Shed,912,TETBAL,87.42,31.895455,5.2,0,228
58,Control,Shed,913,MANBID,19.38,30.113636,5.72,0,228
58,Control,Shed,914,SCHMOR,5.34,30.113636,5.72,0,228
58,Control,Shed,915,INGLAU,75,30.113636,5.72,0,228
58,Control,Shed,916,GUAGUI,14.26,30.113636,5.72,0,228
58,Control,Shed,917,TETBAL,62.95,30.113636,5.72,0,228
58,Control,Shed,918,TETBAL,58.28,30.113636,5.72,0,228
58,Control,Shed,919,PREMON,3.45,30.113636,5.72,0,228
58,Control,Shed,920,CECSCH,2.53,30.113636,5.72,1,32
58,Control,Shed,921,SCHMOR,13.42,30.113636,5.72,0,228
58,Control,Shed,922,PREMON,2.91,30.113636,5.72,0,228
58,Control,Shed,923,INGLAU,124.8,30.113636,5.72,0,228
58,Control,Shed,924,CECSCH,6.76,30.113636,5.72,1,24
58,Control,Shed,925,UREBAC,2.08,30.113636,5.72,1,122
58,Control,Shed,926,MANBID,11.51,30.113636,5.72,0,228
58,Control,Shed,927,UREBAC,4.31,30.113636,5.72,0,228
58,Control,Shed,928,GUAGUI,18.19,30.113636,5.72,0,228
59,Control,Shed,929,PREMON,,30.113636,10.66,1,172
59,Control,Shed,930,UREBAC,4.47,30.113636,10.66,1,46
59,Control,Shed,931,MANBID,14.74,30.113636,10.66,0,228
59,Control,Shed,932,INGLAU,83.07,30.113636,10.66,0,228
59,Control,Shed,933,TETBAL,70.37,30.113636,10.66,1,53
59,Control,Shed,934,SCHMOR,16.01,30.113636,10.66,0,228
59,Control,Shed,935,GUAGUI,35.14,30.113636,10.66,0,228
59,Control,Shed,936,CECSCH,3.94,30.113636,10.66,1,8
59,Control,Shed,937,UREBAC,3.03,30.113636,10.66,1,152
59,Control,Shed,938,PREMON,,30.113636,10.66,0,228
59,Control,Shed,939,MANBID,20.39,30.113636,10.66,0,228
59,Control,Shed,940,SCHMOR,11.48,30.113636,10.66,1,8
59,Control,Shed,941,GUAGUI,29.35,30.113636,10.66,0,228
59,Control,Shed,942,TETBAL,48.93,30.113636,10.66,1,122
59,Control,Shed,943,INGLAU,29.04,30.113636,10.66,0,228
59,Control,Shed,944,CECSCH,3.1,30.113636,10.66,1,8
60,Drought,Shed,945,PREMON,3.18,20.722727,9.88,1,46
60,Drought,Shed,946,CECSCH,2.25,20.722727,9.88,1,35
60,Drought,Shed,947,PREMON,2.91,20.722727,9.88,1,32
60,Drought,Shed,948,MANBID,11.31,20.722727,9.88,0,228
60,Drought,Shed,949,GUAGUI,15.71,20.722727,9.88,0,228
60,Drought,Shed,950,SCHMOR,10.67,20.722727,9.88,1,185
60,Drought,Shed,951,SCHMOR,8.41,20.722727,9.88,1,59
60,Drought,Shed,952,INGLAU,77.5,20.722727,9.88,0,228
60,Drought,Shed,953,CECSCH,3.24,20.722727,9.88,1,8
60,Drought,Shed,954,TETBAL,57.18,20.722727,9.88,0,228
60,Drought,Shed,955,UREBAC,4.95,20.722727,9.88,1,32
60,Drought,Shed,956,GUAGUI,28.94,20.722727,9.88,0,228
60,Drought,Shed,957,UREBAC,1.44,20.722727,9.88,1,17
60,Drought,Shed,958,MANBID,11.1,20.722727,9.88,0,228
60,Drought,Shed,959,INGLAU,62.31,20.722727,9.88,0,228
60,Drought,Shed,960,TETBAL,56.9,20.722727,9.88,0,228